{"actors":["glass_vase_with_pink_flowers_000","dark_brown_leather_chair_on_the_left_000","dark_brown_leather_chair_in_the_back_000","dark_brown_leather_chair_on_the_right_000","round_wooden_dining_table_with_white_top_000"],"n_frames":61,"fps":30,"camera":{"position":[-0.0642243266925594,1.6782337458757304,-1.8541362303784696],"target":[-0.0642243266925594,0.4184554293371507,1.7452303883031868],"fov":60.0},"tracks":{"glass_vase_with_pink_flowers_000":{"pos":[[0.0,0.54479,0.0],[0.07843,0.3269,0.07811],[0.09573,0.10711,0.2007],[0.07002,-0.08978,0.35683],[0.00341,-0.25426,0.53687],[-0.1,-0.37916,0.73043],[-0.23446,-0.45981,0.92696],[-0.39297,-0.49413,1.11633],[-0.56774,-0.48259,1.28929],[-0.75063,-0.42795,1.43792],[-0.93357,-0.335,1.55586],[-1.10895,-0.21014,1.63859],[-1.26994,-0.06097,1.68344],[-1.41076,0.10418,1.68957],[-1.52684,0.27666,1.6579],[-1.6149,0.4479,1.59092],[-1.67302,0.60982,1.49241],[-1.70061,0.75507,1.36725],[-1.69828,0.8773,1.22107],[-1.66777,0.97131,1.06003],[-1.61176,1.03317,0.8905],[-1.5337,1.06022,0.71884],[-1.43765,1.05115,0.55117],[-1.32811,1.00585,0.39321],[-1.2098,0.9254,0.25006],[-1.08754,0.81194,0.12615],[-0.96608,0.66855,0.02513],[-0.84997,0.49909,-0.05025],[-0.74344,0.3081,-0.09811],[-0.65028,0.10059,-0.11749],[-0.57377,-0.11807,-0.10835],[-0.51658,-0.34233,-0.07154],[-0.48072,-0.56662,-0.00877],[-0.46748,-0.7855,0.07749],[-0.6251,-0.91775,0.19325],[-0.79596,-0.82907,0.19858],[-0.89057,-0.75206,0.20149],[-0.95884,-0.67684,0.20133],[-1.01918,-0.60318,0.2035],[-1.06745,-0.52989,0.20428],[-1.10675,-0.45645,0.20429],[-1.13909,-0.38209,0.20412],[-1.16623,-0.306,0.20471],[-1.18978,-0.22727,0.2074],[-1.21116,-0.14508,0.2138],[-1.22279,-0.06697,0.21749],[-1.22439,-0.00413,0.21697],[-1.22329,0.05687,0.21737],[-1.22007,0.11454,0.21876],[-1.21518,0.16914,0.22107],[-1.20852,0.22181,0.22404],[-1.20023,0.27412,0.22792],[-1.18994,0.32698,0.23271],[-1.18,0.37497,0.23859],[-1.1733,0.40682,0.24344],[-1.16899,0.42633,0.24669],[-1.16725,0.43387,0.24797],[-1.16815,0.42996,0.24729],[-1.17159,0.41456,0.24468],[-1.17731,0.3872,0.24027],[-1.18491,0.34923,0.23487]],"quat":[[1.0,0.0,0.0,0.0],[0.99265,-0.07575,-0.05516,-0.07662],[0.97261,-0.15453,-0.1005,-0.1416],[0.94022,-0.23011,-0.14456,-0.20529],[0.89606,-0.30152,-0.18701,-0.26683],[0.84087,-0.36785,-0.22752,-0.32537],[0.7755,-0.42835,-0.26578,-0.38011],[0.70092,-0.48236,-0.30151,-0.43027],[0.61819,-0.52936,-0.33445,-0.47514],[0.52844,-0.56894,-0.36435,-0.51411],[0.43288,-0.60083,-0.39096,-0.5466],[0.33272,-0.62488,-0.41407,-0.57216],[0.22924,-0.64104,-0.43348,-0.59043],[0.1237,-0.64939,-0.449,-0.60116],[0.01736,-0.65008,-0.46047,-0.6042],[-0.08854,-0.64338,-0.46775,-0.59953],[-0.1928,-0.62961,-0.47071,-0.58724],[-0.29429,-0.60918,-0.46929,-0.56751],[-0.39191,-0.58255,-0.46342,-0.54064],[-0.48466,-0.55021,-0.4531,-0.50702],[-0.57161,-0.51271,-0.43836,-0.46714],[-0.65193,-0.47061,-0.41928,-0.42157],[-0.72488,-0.42447,-0.39596,-0.37093],[-0.7898,-0.3749,-0.36859,-0.31592],[-0.84618,-0.32245,-0.33736,-0.25727],[-0.89357,-0.26773,-0.30255,-0.19575],[-0.93165,-0.21128,-0.26445,-0.13214],[-0.96018,-0.15366,-0.22342,-0.06723],[-0.97905,-0.0954,-0.17985,-0.00181],[-0.98824,-0.037,-0.13417,0.06336],[-0.9878,0.02106,-0.08682,0.12752],[-0.97791,0.07832,-0.03829,0.18997],[-0.9588,0.13434,0.01091,0.25006],[-0.93081,0.18872,0.06027,0.30717],[-0.89075,0.25399,0.05616,0.3727],[-0.85988,0.25848,0.02153,0.43969],[-0.84122,0.25758,-0.00237,0.4754],[-0.82831,0.25294,-0.02431,0.49933],[-0.81445,0.24822,-0.04491,0.52253],[-0.80355,0.24097,-0.06525,0.54036],[-0.79527,0.23124,-0.08585,0.55381],[-0.78953,0.21889,-0.10718,0.56325],[-0.78615,0.20376,-0.12971,0.56887],[-0.78491,0.18571,-0.1539,0.57074],[-0.78548,0.16453,-0.18017,0.56876],[-0.78186,0.14522,-0.19953,0.57253],[-0.77141,0.13399,-0.20772,0.58637],[-0.76077,0.12307,-0.21544,0.59973],[-0.75048,0.11271,-0.22266,0.61196],[-0.74063,0.10273,-0.22955,0.62308],[-0.73083,0.09298,-0.23611,0.63363],[-0.72079,0.08325,-0.24262,0.64395],[-0.71031,0.0733,-0.24915,0.65422],[-0.70142,0.06388,-0.25561,0.66226],[-0.69602,0.05737,-0.26024,0.66674],[-0.69264,0.05338,-0.2631,0.66946],[-0.69133,0.05183,-0.2642,0.6705],[-0.69201,0.05263,-0.26363,0.66996],[-0.69468,0.05578,-0.26137,0.66783],[-0.69937,0.06134,-0.25734,0.664],[-0.70575,0.06908,-0.25184,0.65858]]},"dark_brown_leather_chair_on_the_left_000":{"pos":[[0.0,0.54479,0.0],[0.01399,0.55868,0.00065],[0.0308,0.57165,0.00162],[0.04755,0.58453,0.00267],[0.06426,0.59724,0.00394],[0.08094,0.60981,0.00542],[0.09757,0.62224,0.00713],[0.11414,0.63454,0.0091],[0.13063,0.64673,0.01133],[0.14703,0.6588,0.01383],[0.16336,0.67078,0.01661],[0.17962,0.68268,0.01966],[0.19578,0.69451,0.02298],[0.21187,0.70629,0.02659],[0.22787,0.71801,0.03049],[0.24379,0.72971,0.03468],[0.25964,0.74139,0.03916],[0.27539,0.75319,0.04393],[0.29104,0.76514,0.04897],[0.30658,0.777,0.05426],[0.32203,0.7888,0.05982],[0.33738,0.80053,0.06564],[0.35264,0.81222,0.07174],[0.36779,0.82386,0.07811],[0.38285,0.83549,0.08477],[0.39782,0.8471,0.09173],[0.4127,0.8587,0.09898],[0.42748,0.8703,0.10654],[0.44218,0.88192,0.11441],[0.45679,0.89356,0.12261],[0.47133,0.90522,0.13115],[0.48578,0.91692,0.14002],[0.50015,0.92865,0.14924],[0.51444,0.94044,0.15883],[0.52866,0.95228,0.1688],[0.54282,0.96417,0.17915],[0.55691,0.97613,0.1899],[0.57095,0.98815,0.20107],[0.58492,1.00024,0.21266],[0.59884,1.0124,0.22469],[0.61271,1.02464,0.23717],[0.62651,1.03694,0.25013],[0.64026,1.04932,0.26357],[0.65395,1.06177,0.27751],[0.668,1.07518,0.29166],[0.68227,1.09058,0.3052],[0.69639,1.10548,0.31863],[0.71036,1.11983,0.3319],[0.72418,1.13353,0.34502],[0.73786,1.14661,0.35801],[0.7514,1.1591,0.37085],[0.76479,1.17103,0.38355],[0.77803,1.18241,0.39611],[0.79114,1.19329,0.40851],[0.8041,1.20367,0.42077],[0.81694,1.21358,0.43289],[0.82963,1.22304,0.44486],[0.84219,1.23208,0.4567],[0.85463,1.2407,0.4684],[0.86694,1.24893,0.47996],[0.87912,1.25679,0.49139]],