{"actors":["dark_brown_leather_chair_in_the_back_000","dark_brown_leather_chair_on_the_left_000","dark_brown_leather_chair_on_the_right_000","glass_vase_with_pink_flowers_000","round_wooden_dining_table_with_white_top_000"],"n_frames":61,"fps":30,"camera":{"position":[-0.029305780000000003,1.7531776754861959,-2.063428835674846],"target":[-0.029305780000000003,0.426742525,1.72638588],"fov":60.0},"tracks":{"dark_brown_leather_chair_in_the_back_000":{"pos":[[0.0,-0.00075,0.0],[-1e-05,-0.00031,-0.0],[-1e-05,-0.00028,-0.0],[-1e-05,-0.00028,0.0],[-1e-05,-0.00028,0.0],[-1e-05,-0.00028,-0.0],[-0.0,-0.00023,-0.0],[0.0,-0.00031,-0.0],[1e-05,-0.00031,-0.0],[-1e-05,-0.0003,-0.0],[1e-05,-0.0003,-0.0],[1e-05,-0.0003,-0.0],[2e-05,-0.0003,-1e-05],[3e-05,-0.00029,-1e-05],[1e-05,-0.00029,-0.0],[1e-05,-0.00024,-0.0],[4e-05,-0.0003,-1e-05],[4e-05,-0.0003,-1e-05],[4e-05,-0.00023,-1e-05],[7e-05,-0.00032,-1e-05],[6e-05,-0.00031,-1e-05],[5e-05,-0.0003,-1e-05],[4e-05,-0.0003,-1e-05],[4e-05,-0.00031,-1e-05],[2e-05,-0.00029,-0.0],[3e-05,-0.0003,-1e-05],[3e-05,-0.00029,-0.0],[4e-05,-0.00029,-0.0],[3e-05,-0.00029,-0.0],[4e-05,-0.00027,-0.0],[4e-05,-0.00028,-0.0],[5e-05,-0.00026,-0.0],[6e-05,-0.0003,-1e-05],[5e-05,-0.00029,-0.0],[5e-05,-0.00029,-0.0],[4e-05,-0.0003,-0.0],[6e-05,-0.00026,-0.0],[7e-05,-0.00028,-0.0],[7e-05,-0.00026,-1e-05],[8e-05,-0.0003,-1e-05],[7e-05,-0.00026,-1e-05],[8e-05,-0.0003,-1e-05],[7e-05,-0.00024,-0.0],[9e-05,-0.00032,-1e-05],[6e-05,-0.00029,-0.0],[8e-05,-0.0003,-1e-05],[8e-05,-0.0003,-0.0],[0.0001,-0.0003,-1e-05],[0.00011,-0.00028,-1e-05],[0.00012,-0.0003,-1e-05],[0.00011,-0.00029,-1e-05],[0.00011,-0.0003,-1e-05],[0.00011,-0.00029,-1e-05],[0.00011,-0.00029,-0.0],[0.0001,-0.0003,-0.0],[0.00013,-0.00029,-1e-05],[0.00013,-0.00029,-1e-05],[0.00014,-0.00031,-1e-05],[0.00014,-0.00031,-0.0],[0.00013,-0.00031,-0.0],[0.00013,-0.00029,-0.0]],"quat":[[1.0,0.0,0.0,0.0],[1.0,-6e-05,0.0,4e-05],[1.0,-5e-05,0.0,5e-05],[1.0,-5e-05,0.0,5e-05],[1.0,-5e-05,0.0,5e-05],[1.0,-5e-05,0.0,5e-05],[1.0,-4e-05,0.0,4e-05],[1.0,-6e-05,0.0,5e-05],[1.0,-6e-05,-0.0,5e-05],[1.0,-6e-05,0.0,4e-05],[1.0,-6e-05,-0.0,4e-05],[1.0,-6e-05,-0.0,4e-05],[1.0,-6e-05,-0.0,4e-05],[1.0,-5e-05,-1e-05,4e-05],[1.0,-5e-05,-0.0,4e-05],[1.0,-4e-05,-0.0,4e-05],[1.0,-6e-05,-1e-05,4e-05],[1.0,-5e-05,-1e-05,5e-05],[1.0,-4e-05,-1e-05,4e-05],[1.0,-6e-05,-1e-05,5e-05],[1.0,-6e-05,-1e-05,4e-05],[1.0,-6e-05,-1e-05,4e-05],[1.0,-6e-05,-1e-05,5e-05],[1.0,-6e-05,-1e-05,4e-05],[1.0,-5e-05,-0.0,4e-05],[1.0,-6e-05,-1e-05,4e-05],[1.0,-5e-05,-1e-05,4e-05],[1.0,-5e-05,-1e-05,4e-05],[1.0,-5e-05,-1e-05,4e-05],[1.0,-5e-05,-1e-05,5e-05],[1.0,-5e-05,-1e-05,5e-05],[1.0,-5e-05,-1e-05,4e-05],[1.0,-6e-05,-1e-05,4e-05],[1.0,-5e-05,-1e-05,4e-05],[1.0,-5e-05,-1e-05,4e-05],[1.0,-5e-05,-1e-05,4e-05],[1.0,-5e-05,-1e-05,5e-05],[1.0,-5e-05,-1e-05,4e-05],[1.0,-5e-05,-1e-05,4e-05],[1.0,-5e-05,-2e-05,5e-05],[1.0,-5e-05,-2e-05,4e-05],[1.0,-6e-05,-2e-05,5e-05],[1.0,-4e-05,-2e-05,4e-05],[1.0,-6e-05,-2e-05,4e-05],[1.0,-5e-05,-1e-05,4e-05],[1.0,-6e-05,-2e-05,4e-05],[1.0,-6e-05,-2e-05,4e-05],[1.0,-6e-05,-2e-05,3e-05],[1.0,-5e-05,-2e-05,3e-05],[1.0,-6e-05,-3e-05,4e-05],[1.0,-5e-05,-3e-05,4e-05],[1.0,-6e-05,-2e-05,4e-05],[1.0,-5e-05,-2e-05,4e-05],[1.0,-5e-05,-2e-05,4e-05],[1.0,-6e-05,-2e-05,4e-05],[1.0,-5e-05,-3e-05,5e-05],[1.0,-5e-05,-3e-05,5e-05],[1.0,-6e-05,-3e-05,5e-05],[1.0,-6e-05,-3e-05,4e-05],[1.0,-6e-05,-3e-05,4e-05],[1.0,-5e-05,-3e-05,4e-05]]},"dark_brown_leather_chair_on_the_left_000":{"pos":[[0.0,-0.00075,0.0],[-6e-05,0.00083,1e-05],[-0.0,0.00079,-2e-05],[1e-05,0.0008,-3e-05],[1e-05,0.00081,-3e-05],[1e-05,0.00081,-3e-05],[1e-05,0.00081,-3e-05],[1e-05,0.00081,-3e-05],[1e-05,0.00081,-3e-05],[1e-05,0.00081,-3e-05],[1e-05,0.00081,-3e-05],[1e-05,0.00081,-3e-05],[1e-05,0.00081,-3e-05],[1e-05,0.00081,-3e-05],[1e-05,0.00081,-3e-05],[1e-05,0.00081,-3e-05],[1e-05,0.00081,-3e-05],[1e-05,0.00081,-3e-05],[1e-05,0.00081,-3e-05],[1e-05,0.00081,-3e-05],[1e-05,0.00081,-3e-05],[1e-05,0.00081,-3e-05],[1e-05,0.00081,-3e-05],[1e-05,0.00081,-3e-05],[1e-05,0.00081,-3e-05],[1e-05,0.00081,-3e-05],[1e-05,0.00081,-3e-05],[1e-05,0.00081,-3e-05],[1e-05,0.00081,-3e-05],[1e-05,0.00081,-3e-05],[1e-05,0.00081,-3e-05],[1e-05,0.00081,-3e-05],[1e-05,0.00081,-3e-05],[1e-05,0.00081,-3e-05],[1e-05,0.00081,-3e-05],[1e-05,0.00081,-3e-05],[1e-05,0.00081,-3e-05],[1e-05,0.00081,-3e-05],[1e-05,0.00081,-3e-05],[1e-05,0.00081,-3e-05],[1e-05,0.00081,-3e-05],[1e-05,0.00081,-3e-05],[1e-05,0.00081,-3e-05],[1e-05,0.00081,-3e-05],[1e-05,0.00081,-3e-05],[1e-05,0.00081,-3e-05],[1e-05,0.00081,-3e-05],[1e-05,0.00081,-3e-05],[1e-05,0.00081,-3e-05],[1e-05,0.00081,-3e-05],[1e-05,0.00081,-3e-05],[1e-05,0.00081,-3e-05],[1e-05,0.00081,-3e-05],[1e-05,0.00081,-3e-05],[1e-05,0.00081,-3e-05],[1e-05,0.00081,-3e-05],[1e-05,0.00081,-3e-05],[1e-05,0.00081,-3e-05],[1e-05,0.00081,-3e-05],[1e-05,0.00081,-3e-05],[1e-05,0.00081,-3e-05]],"quat":[[1.0,0.0,0.0,0.0],[1.0,-0.0,2e-05,-7e-05],[1.0,-1e-05,0.0,-5e-05],[1.0,-1e-05,-0.0,-6e-05],[1.0,-1e-05,-0.0,-6e-05],[1.0,-1e-05,-0.0,-6e-05],[1.0,-1e-05,-0.0,-6e-05],[1.0,-1e-05,-0.0,-6e-05],[1.0,-1e-05,-0.0,-6e-05],[1.0,-1e-05,-0.0,-6e-05],[1.0,-1e-05,-0.0,-6e-05],[1.0,-1e-05,-0.0,-6e-05],[1.0,-1e-05,-0.0,-6e-05],[1.0,-1e-05,-0.0,-6e-05],[1.0,-1e-05,-0.0,-6e-05],[1.0,-1e-05,-0.0,-6e-05],[1.0,-1e-05,-0.0,-6e-05],[1.0,-1e-05,-0.0,-6e-05],[1.0,-1e-05,-0.0,-6e-05],[1.0,-1e-05,-0.0,-6e-05],[1.0,-1e-05,-0.0,-6e-05],[1.0,-1e-05,-0.0,-6e-05],[1.0,-1e-05,-0.0,-6e-05],[1.0,-1e-05,-0.0,-6e-05],[1.0,-1e-05,-0.0,-6e-05],[1.0,-1e-05,-0.0,-6e-05],[1.0,-1e-05,-0.0,-6e-05],[1.0,-1e-05,-0.0,-6e-05],[1.0,-1e-05,-0.0,-6e-05],[1.0,-1e-05,-0.0,-6e-05],[1.0,-1e-05,-0.0,-6e-05],[1.0,-1e-05,-0.0,-6e-05],[1.0,-1e-05,-0.0,-6e-05],[1.0,-1e-05,-0.0,-6e-05],[1.0,-1e-05,-0.0,-6e-05],[1.0,-1e-05,-0.0,-6e-05],[1.0,-1e-05,-0.0,-6e-05],[1.0,-1e-05,-0.0,-6e-05],[1.0,-1e-05,-0.0,-6e-05],[1.0,-1e-05,-0.0,-6e-05],[1.0,-1e-05,-0.0,-6e-05],[1.0,-1e-05,-0.0,-6e-05],[1.0,-1e-05,-0.0,-6e-05],[1.0,-1e-05,-0.0,-6e-05],[1.0,-1e-05,-0.0,-6e-05],[1.0,-1e-05,-0.0,-6e-05],[1.0,-1e-05,-0.0,-6e-05],[1.0,-1e-05,-0.0,-6e-05],[1.0,-1e-05,-0.0,-6e-05],[1.0,-1e-05,-0.0,-6e-05],[1.0,-1e-05,-0.0,-6e-05],[1.0,-1e-05,-0.0,-6e-05],[1.0,-1e-05,-0.0,-6e-05],[1.0,-1e-05,-0.0,-6e-05],[1.0,-1e-05,-0.0,-6e-05],[1.0,-1e-05,-0.0,-6e-05],[1.0,-1e-05,-0.0,-6e-05],[1.0,-1e-05,-0.0,-6e-05],[1.0,-1e-05,-0.0,-6e-05],[1.0,-1e-05,-0.0,-6e-05],[1.0,-1e-05,-0.0,-6e-05]]},