{"actors":["0_chair","1_chair","4_chair","2_chair","3_chair"],"n_frames":61,"fps":30,"camera":{"position":[0.5106306949999999,2.7317327498271373,3.2360231252203935],"target":[0.5106306949999999,0.84402683,-2.15742236],"fov":60.0},"tracks":{"0_chair":{"pos":[[0.43094,1.23742,-1.65551],[0.47004,1.29403,-1.65118],[0.51226,1.35649,-1.63412],[0.55468,1.39118,-1.62903],[0.59654,1.42423,-1.62362],[0.6377,1.45559,-1.61788],[0.67799,1.48519,-1.61183],[0.7173,1.51294,-1.60549],[0.75551,1.53872,-1.59887],[0.79252,1.56242,-1.592],[0.82824,1.58392,-1.58492],[0.86263,1.60308,-1.57764],[0.89565,1.61977,-1.57022],[0.92726,1.63385,-1.56269],[0.95747,1.64519,-1.55508],[0.98629,1.65365,-1.54744],[1.01377,1.65911,-1.53981],[1.03994,1.66143,-1.53223],[1.06489,1.66052,-1.52474],[1.08869,1.65626,-1.51738],[1.11143,1.64857,-1.51019],[1.13322,1.63737,-1.50319],[1.15418,1.62259,-1.49643],[1.17443,1.60417,-1.48993],[1.1941,1.5821,-1.48371],[1.21332,1.55634,-1.4778],[1.23222,1.52689,-1.47221],[1.25096,1.49376,-1.46697],[1.26965,1.45697,-1.46207],[1.28844,1.41657,-1.45752],[1.30745,1.3726,-1.45333],[1.3268,1.32514,-1.44949],[1.34661,1.27426,-1.44599],[1.36698,1.22006,-1.44282],[1.38801,1.16263,-1.43997],[1.40979,1.10209,-1.43742],[1.43238,1.03856,-1.43514],[1.45585,0.97216,-1.4331],[1.48023,0.90301,-1.43129],[1.50557,0.83126,-1.42967],[1.53188,0.75704,-1.42821],[1.55916,0.68048,-1.42688],[1.58739,0.60171,-1.42563],[1.61656,0.52087,-1.42444],[1.64662,0.43808,-1.42327],[1.67752,0.35346,-1.42208],[1.70919,0.26712,-1.42084],[1.69938,0.22676,-1.41793],[1.67142,0.2205,-1.41373],[1.64659,0.21289,-1.40933],[1.62501,0.20332,-1.40469],[1.6067,0.19119,-1.39975],[1.59158,0.17591,-1.39447],[1.59105,0.16792,-1.39126],[1.61033,0.18095,-1.39239],[1.62803,0.1943,-1.3929],[1.64664,0.20543,-1.39327],[1.66568,0.2158,-1.39339],[1.68502,0.22423,-1.39335],[1.70465,0.23071,-1.39318],[1.72447,0.2353,-1.39287]],"quat":[[1.0,0.0,0.0,0.0],[0.99725,0.01557,-0.0273,0.06714],[0.98862,0.01633,-0.05586,0.13871],[0.97543,0.02702,-0.08389,0.20189],[0.95741,0.03906,-0.11104,0.26363],[0.93473,0.05236,-0.13708,0.32365],[0.90757,0.06682,-0.16182,0.38167],[0.87614,0.08234,-0.18504,0.43745],[0.84067,0.09881,-0.20657,0.49076],[0.8014,0.11612,-0.22623,0.54138],[0.7586,0.13415,-0.24385,0.58912],[0.71254,0.15275,-0.25929,0.63382],[0.6635,0.1718,-0.27242,0.67531],[0.61178,0.19115,-0.28313,0.71346],[0.55768,0.21066,-0.2913,0.74817],[0.50152,0.23018,-0.29687,0.77934],[0.44361,0.24956,-0.29975,0.8069],[0.38426,0.26864,-0.29991,0.8308],[0.32379,0.28727,-0.29732,0.85102],[0.26253,0.3053,-0.29195,0.86755],[0.20078,0.32258,-0.28382,0.88038],[0.13886,0.33894,-0.27296,0.88957],[0.07707,0.35426,-0.25939,0.89514],[0.01572,0.36837,-0.24319,0.89717],[-0.04491,0.38115,-0.22443,0.89573],[-0.10454,0.39246,-0.20321,0.89093],[-0.1629,0.40217,-0.17963,0.88287],[-0.21974,0.41017,-0.15382,0.87167],[-0.27481,0.41634,-0.12592,0.85748],[-0.32789,0.42059,-0.09609,0.84045],[-0.37877,0.42283,-0.0645,0.82072],[-0.42725,0.42298,-0.03132,0.79847],[-0.47316,0.42097,0.00325,0.77388],[-0.51635,0.41675,0.03901,0.74712],[-0.55666,0.41027,0.07576,0.71838],[-0.59398,0.40151,0.11327,0.68786],[-0.62822,0.39045,0.15134,0.65573],[-0.65928,0.3771,0.18973,0.62221],[-0.68712,0.36145,0.22823,0.58748],[-0.71168,0.34355,0.2666,0.55173],[-0.73295,0.32343,0.30463,0.51516],[-0.75091,0.30114,0.34209,0.47794],[-0.76558,0.27675,0.37876,0.44028],[-0.77698,0.25034,0.41443,0.40233],[-0.78518,0.222,0.4489,0.36428],[-0.79022,0.19183,0.48197,0.32629],[-0.79218,0.15994,0.51346,0.2885],[-0.76917,0.17412,0.52032,0.32761],[-0.7276,0.21387,0.50999,0.40592],[-0.67927,0.25297,0.49494,0.4792],[-0.62487,0.29109,0.4752,0.54679],[-0.56512,0.32793,0.45086,0.60814],[-0.50077,0.36316,0.42201,0.66276],[-0.44443,0.39358,0.39455,0.70136],[-0.40841,0.41743,0.37548,0.7197],[-0.37193,0.44045,0.35594,0.73551],[-0.33605,0.46208,0.3356,0.74895],[-0.30135,0.48171,0.31437,0.76047],[-0.26719,0.49995,0.29224,0.77023],[-0.23356,0.51684,0.26928,0.77835],[-0.20034,0.53242,0.24548,0.78494]]},"1_chair":{"pos":[[-0.02349,1.01972,-2.49817],[0.0029,1.05697,-2.53872],[0.01569,1.08367,-2.57609],[0.05041,1.10902,-2.59445],[0.07737,1.12204,-2.60368],[0.10119,1.13188,-2.61233],[0.12487,1.13895,-2.62092],[0.14843,1.14329,-2.62945],[0.17184,1.14488,-2.63791],[0.19513,1.14377,-2.64632],[0.21831,1.13998,-2.65469],[0.24136,1.13353,-2.66303],[0.26429,1.12441,-2.67133],[0.2871,1.11266,-2.67958],[0.30979,1.09827,-2.6878],[0.33234,1.0812,-2.69593],[0.35471,1.06135,-2.7039],[0.37695,1.03886,-2.7118],[0.39905,1.01376,-2.71965],[0.42105,0.98611,-2.72746],[0.44293,0.95591,-2.73523],[0.44605,0.95042,-2.7423],[0.44769,0.94465,-2.74938],[0.44907,0.93665,-2.75649],[0.44996,0.92688,-2.76373],[0.45038,0.91539,-2.77114],[0.45034,0.90215,-2.77872],[0.45017,0.88654,-2.78632],[0.45,0.86831,-2.79388],[0.44982,0.84748,-2.8014],[0.44964,0.82406,-2.80888],[0.44945,0.79807,-2.81632],[0.44926,0.76951,-2.82372],[0.44906,0.7384,-2.83108],[0.44886,0.70475,-2.83839],[0.44497,0.70078,-2.83271],[0.44107,0.70002,-2.82706],[0.43712,0.6992,-2.82146],[0.43311,0.69831,-2.81589],[0.42911,0.69735,-2.81035],[0.42511,0.69632,-2.80484],[0.42113,0.69522,-2.79935],[0.41715,0.69405,-2.79388],[0.41317,0.69282,-2.78844],[0.4092,0.69152,-2.78302],[0.40524,0.69016,-2.77762],[0.40129,0.68873,-2.77225],[0.39734,0.68723,-2.7669],[0.39339,0.68567,-2.76157],[0.38945,0.68404,-2.75627],[0.38552,0.68235,-2.751],[0.38159,0.6806,-2.74576],[0.37766,0.67878,-2.74055],[0.37375,0.67689,-2.73537],[0.36983,0.67495,-2.73022],[0.36592,0.67294,-2.7251],[0.36202,0.67086,-2.72],[0.35811,0.66873,-2.71494],[0.35422,0.66653,-2.7099],[0.35032,0.66426,-2.70489],[0.34644,0.66194,-2.69991]],"quat":[[1.0,0.0,0.0,0.0],[0.99999,0.00293,0.00178,0.00232],[0.99995,0.00739,0.00386,0.00486],[0.99988,0.0122,0.00601,0.00766],[0.99977,0.01701,0.00798,0.01033],[0.99963,0.02179,0.00989,0.01297],[0.99946,0.02655,0.01178,0.01559],[0.99925,0.03128,0.01366,0.01822],[0.99901,0.03598,0.01552,0.02083],[0.99875,0.04066,0.01736,0.02344],[0.99845,0.0453,0.01919,0.02605],[0.99812,0.04993,0.021,0.02864],[0.99776,0.05453,0.0228,0.03123],[0.99738,0.0591,0.02458,0.03382],[0.99696,0.06364,0.02634,0.0364],[0.99652,0.06816,0.02809,0.03896],[0.99605,0.07265,0.02982,0.04152],[0.99555,0.07712,0.03154,0.04408],[0.99502,0.08156,0.03324,0.04662],[0.99447,0.08597,0.03492,0.04916],[0.99389,0.09036,0.03659,0.05168],[0.9933,0.09462,0.03812,0.05436],[0.99268,0.09884,0.03961,0.05703],[0.99203,0.10304,0.04109,0.0597],[0.99136,0.10722,0.04255,0.06237],[0.99067,0.11136,0.044,0.06503],[0.98996,0.11548,0.04543,0.06768],[0.98922,0.11957,0.04684,0.07033],[0.98846,0.12364,0.04823,0.07296],[0.98768,0.12769,0.04961,0.07558],[0.98688,0.13171,0.05098,0.0782],[0.98606,0.13571,0.05233,0.0808],[0.98522,0.13969,0.05367,0.08339],[0.98435,0.14364,0.05498,0.08596],[0.98347,0.14757,0.05629,0.08853],[0.9826,0.1512,0.05746,0.09128],[0.98171,0.15481,0.05861,0.09406],[0.9808,0.1584,0.05975,0.09685],[0.97987,0.16196,0.06086,0.09964],[0.97892,0.1655,0.06196,0.10244],[0.97795,0.16902,0.06305,0.10525],[0.97696,0.17252,0.06412,0.10807],[0.97595,0.17599,0.06517,0.11089],[0.97493,0.17944,0.0662,0.11372],[0.97389,0.18287,0.06722,0.11656],[0.97282,0.18628,0.06822,0.11941],[0.97174,0.18967,0.06921,0.12226],[0.97064,0.19304,0.07018,0.12513],[0.96953,0.1964,0.07113,0.128],[0.96839,0.19973,0.07207,0.13089],[0.96724,0.20305,0.073,0.13378],[0.96606,0.20634,0.0739,0.13668],[0.96487,0.20963,0.07479,0.13959],[0.96366,0.21289,0.07567,0.14251],[0.96243,0.21614,0.07653,0.14544],[0.96118,0.21937,0.07737,0.14837],[0.95992,0.22259,0.0782,0.15132],[0.95863,0.22579,0.07901,0.15428],[0.95733,0.22898,0.07981,0.15725],[0.956,0.23215,0.08059,0.16022],[0.95466,0.23531,0.08135,0.16321]]},