{"actors":["object_1","object_3","object_0","object_2","object_4"],"n_frames":61,"fps":30,"camera":{"position":[-0.04139186500000003,2.3223544137164533,-4.717732570618439],"target":[-0.04139186500000003,0.625505235,0.13040794],"fov":60.0},"tracks":{"object_1":{"pos":[[-0.37434,0.62551,0.00779],[-0.40186,0.62616,-0.0175],[-0.40268,0.63083,-0.06818],[-0.38566,0.6476,-0.10431],[-0.36758,0.66352,-0.15701],[-0.35897,0.68494,-0.20064],[-0.33709,0.69618,-0.23503],[-0.31258,0.70754,-0.26444],[-0.28459,0.71684,-0.29133],[-0.25291,0.72343,-0.31694],[-0.22426,0.72849,-0.34236],[-0.20109,0.7353,-0.37344],[-0.17941,0.7394,-0.39935],[-0.15751,0.74794,-0.41736],[-0.13671,0.75511,-0.44823],[-0.11948,0.76397,-0.47912],[-0.11104,0.77276,-0.50198],[-0.10751,0.77766,-0.52344],[-0.10835,0.78044,-0.54489],[-0.10894,0.78078,-0.56599],[-0.1113,0.77721,-0.58758],[-0.11646,0.77508,-0.60664],[-0.12338,0.75129,-0.61982],[-0.12378,0.74728,-0.63303],[-0.11913,0.7382,-0.64496],[-0.11179,0.73628,-0.65635],[-0.09906,0.73384,-0.67363],[-0.0795,0.72806,-0.69521],[-0.05889,0.72284,-0.71643],[-0.03526,0.71444,-0.74013],[-0.01168,0.70432,-0.76248],[0.01387,0.69261,-0.78435],[0.02565,0.69141,-0.80276],[0.0239,0.69349,-0.81745],[0.01328,0.69398,-0.83071],[0.00081,0.70145,-0.84134],[-0.01608,0.70766,-0.85125],[-0.03493,0.70974,-0.85853],[-0.05307,0.7134,-0.86583],[-0.06846,0.71762,-0.8734],[-0.08471,0.72095,-0.88014],[-0.09929,0.72308,-0.88539],[-0.11398,0.72388,-0.89121],[-0.12345,0.72278,-0.8971],[-0.12949,0.72052,-0.9034],[-0.13535,0.71887,-0.91056],[-0.13943,0.7136,-0.92001],[-0.15532,0.70831,-0.92139],[-0.17663,0.7205,-0.92456],[-0.20029,0.7422,-0.92839],[-0.22533,0.76007,-0.9283],[-0.25094,0.77356,-0.92601],[-0.27663,0.77979,-0.92381],[-0.30097,0.78106,-0.92124],[-0.32252,0.77649,-0.91855],[-0.3408,0.76751,-0.91106],[-0.37037,0.77112,-0.91312],[-0.40119,0.77539,-0.92146],[-0.42707,0.78034,-0.9304],[-0.44734,0.79741,-0.95175],[-0.46281,0.79995,-0.96468]],"quat":[[1.0,0.0,0.0,0.0],[0.99997,-0.00712,0.00161,-0.00248],[0.99972,-0.02169,-0.0002,-0.00923],[0.99907,-0.03844,-0.00565,-0.01875],[0.99823,-0.05164,-0.01261,-0.02681],[0.99729,-0.06246,-0.02097,-0.03271],[0.99656,-0.06826,-0.02485,-0.03988],[0.99619,-0.06696,-0.02772,-0.04846],[0.99595,-0.06229,-0.03,-0.05743],[0.9957,-0.05561,-0.02983,-0.06786],[0.9953,-0.04844,-0.02936,-0.07861],[0.99481,-0.04327,-0.02662,-0.08817],[0.99428,-0.04205,-0.01963,-0.09615],[0.99372,-0.03812,-0.01714,-0.10375],[0.99316,-0.02989,-0.0214,-0.11081],[0.99271,-0.02002,-0.03071,-0.11478],[0.99263,-0.01214,-0.04061,-0.11351],[0.99291,-0.00624,-0.04936,-0.10792],[0.99357,-0.00241,-0.05622,-0.09821],[0.99458,-0.00088,-0.06053,-0.08457],[0.9957,-0.00106,-0.06407,-0.0669],[0.99672,-0.00311,-0.06673,-0.0456],[0.99735,-0.00771,-0.06887,-0.02224],[0.99752,-0.01457,-0.0682,-0.00908],[0.99768,-0.02079,-0.0645,-0.00677],[0.99772,-0.03038,-0.05904,-0.01215],[0.99716,-0.04399,-0.05813,-0.01908],[0.99577,-0.05912,-0.06593,-0.0246],[0.99398,-0.07377,-0.07534,-0.02969],[0.99186,-0.08739,-0.08596,-0.03434],[0.98962,-0.09815,-0.0975,-0.03886],[0.98757,-0.1046,-0.10876,-0.04389],[0.98576,-0.11091,-0.11727,-0.04708],[0.98412,-0.11747,-0.1245,-0.047],[0.9824,-0.12277,-0.13346,-0.04487],[0.98076,-0.12999,-0.14038,-0.03869],[0.9793,-0.13604,-0.14702,-0.02915],[0.97811,-0.13994,-0.15301,-0.01761],[0.97731,-0.1433,-0.15592,-0.00511],[0.97695,-0.14685,-0.15476,0.0076],[0.97659,-0.14951,-0.15318,0.02111],[0.97637,-0.15107,-0.15085,0.03353],[0.97594,-0.15074,-0.15029,0.04734],[0.97554,-0.14793,-0.15025,0.0622],[0.9752,-0.14275,-0.15044,0.07736],[0.97401,-0.13812,-0.15174,0.09593],[0.97188,-0.13486,-0.15311,0.11759],[0.97031,-0.13448,-0.15274,0.13073],[0.96889,-0.13692,-0.15412,0.13691],[0.9675,-0.14141,-0.15599,0.14004],[0.96607,-0.14807,-0.15874,0.13993],[0.96477,-0.1587,-0.15975,0.13608],[0.96347,-0.17259,-0.15905,0.12898],[0.96191,-0.18834,-0.15823,0.11928],[0.95992,-0.20607,-0.15689,0.10712],[0.95713,-0.22599,-0.15492,0.09396],[0.95323,-0.24849,-0.15209,0.08051],[0.94809,-0.27247,-0.14969,0.06692],[0.94169,-0.29702,-0.14888,0.05317],[0.93361,-0.32394,-0.14787,0.03965],[0.92345,-0.35323,-0.14747,0.02691]]},"object_3":{"pos":[[0.25784,0.72651,0.06131],[0.25246,0.71577,0.03964],[0.24786,0.70487,-0.00379],[0.25261,0.72389,-0.04203],[0.26518,0.7363,-0.08196],[0.28869,0.74539,-0.11825],[0.31142,0.75007,-0.14933],[0.32895,0.75676,-0.18101],[0.34135,0.76062,-0.21355],[0.34304,0.76609,-0.24791],[0.3482,0.76799,-0.28095],[0.36198,0.76593,-0.30699],[0.37319,0.76382,-0.33259],[0.38285,0.76832,-0.35065],[0.39003,0.77287,-0.37727],[0.3924,0.78212,-0.40405],[0.38732,0.79631,-0.4268],[0.38334,0.80853,-0.44893],[0.38099,0.82009,-0.46965],[0.38513,0.83297,-0.49026],[0.39235,0.84556,-0.51091],[0.40291,0.86046,-0.52993],[0.41678,0.87987,-0.54462],[0.42622,0.88975,-0.55933],[0.43434,0.89981,-0.57591],[0.44468,0.90042,-0.59171],[0.45273,0.89602,-0.60706],[0.45936,0.88778,-0.61998],[0.4673,0.87484,-0.63166],[0.47253,0.86106,-0.64364],[0.47732,0.84541,-0.6557],[0.47704,0.82776,-0.6685],[0.46452,0.81953,-0.67878],[0.4504,0.81895,-0.68563],[0.43856,0.8237,-0.69122],[0.42878,0.83921,-0.69459],[0.42116,0.85737,-0.69843],[0.41737,0.87685,-0.70075],[0.41369,0.89716,-0.70671],[0.4092,0.9188,-0.71655],[0.40519,0.93993,-0.72695],[0.40066,0.95955,-0.73531],[0.39596,0.97318,-0.74405],[0.38795,0.98426,-0.75375],[0.37672,0.99261,-0.76443],[0.36875,1.00033,-0.77579],[0.36108,1.00647,-0.7868],[0.31351,1.03818,-0.80444],[0.27417,1.07258,-0.81817],[0.24,1.09688,-0.82865],[0.21095,1.11706,-0.837],[0.18425,1.13116,-0.84459],[0.15793,1.14208,-0.85093],[0.13192,1.15036,-0.8566],[0.10356,1.15715,-0.85995],[0.07618,1.16251,-0.8568],[0.06262,1.17629,-0.84576],[0.04224,1.19491,-0.8385],[0.02838,1.21566,-0.83199],[0.00557,1.22648,-0.82715],[-0.02484,1.23183,-0.82656]],"quat":[[1.0,0.0,0.0,0.0],[0.99964,0.01334,-0.01506,-0.01792],[0.99827,0.01958,-0.01726,-0.05261],[0.99558,0.02196,-0.01036,-0.09069],[0.99067,0.02135,0.00364,-0.13455],[0.98445,-0.00098,0.02753,-0.17347],[0.97818,-0.02566,0.04814,-0.20044],[0.97489,-0.05191,0.04336,-0.21216],[0.97582,-0.08072,0.02048,-0.20208],[0.97789,-0.1103,-0.0097,-0.17743],[0.97962,-0.13382,-0.04101,-0.14405],[0.98103,-0.11891,-0.0817,-0.12951],[0.98304,-0.10684,-0.09848,-0.11192],[0.98502,-0.1012,-0.10856,-0.08775],[0.98559,-0.09905,-0.12527,-0.05576],[0.98438,-0.10312,-0.14197,-0.01451],[0.98216,-0.1129,-0.14714,0.03093],[0.98002,-0.12221,-0.14375,0.06296],[0.97908,-0.13002,-0.13539,0.07852],[0.97931,-0.13735,-0.12618,0.07852],[0.97913,-0.14727,-0.12605,0.06109],[0.97767,-0.1587,-0.133,0.03577],[0.97596,-0.16901,-0.13741,0.00681],[0.97462,-0.17602,-0.13639,-0.0232],[0.97295,-0.18184,-0.13396,-0.0485],[0.9709,-0.1872,-0.13315,-0.06775],[0.96956,-0.19168,-0.13796,-0.06456],[0.9691,-0.19155,-0.15158,-0.03426],[0.9691,-0.18805,-0.15942,0.00752],[0.96885,-0.18308,-0.15707,0.05596],[0.96693,-0.17789,-0.14575,0.11029],[0.96219,-0.17369,-0.13003,0.16467],[0.95593,-0.17236,-0.11487,0.20806],[0.95156,-0.17362,-0.10754,0.22983],[0.95049,-0.17653,-0.1106,0.23058],[0.95171,-0.18151,-0.11977,0.21672],[0.95447,-0.18743,-0.12874,0.19308],[0.95849,-0.1923,-0.13284,0.16332],[0.96312,-0.19551,-0.13228,0.12915],[0.9675,-0.19732,-0.12903,0.09144],[0.971,-0.19892,-0.1226,0.05051],[0.9729,-0.20129,-0.11338,0.00936],[0.97293,-0.20486,-0.10547,-0.01784],[0.97232,-0.20933,-0.10206,-0.01879],[0.97088,-0.21696,-0.10154,-0.00428],[0.96834,-0.22648,-0.10387,0.01554],[0.96528,-0.23598,-0.10607,0.03616],[0.96168,-0.24682,-0.10714,0.0527],[0.95645,-0.26246,-0.10547,0.07206],[0.95019,-0.28254,-0.09933,0.08625],[0.94387,-0.30519,-0.08919,0.08947],[0.93796,-0.32743,-0.07471,0.08627],[0.93235,-0.3483,-0.05735,0.07828],[0.9274,-0.36572,-0.0419,0.06655],[0.92586,-0.37224,-0.02479,0.06008],[0.92857,-0.36446,-0.0094,0.06955],[0.93239,-0.35223,-0.01356,0.07995],[0.93789,-0.33216,-0.05014,0.08674],[0.9422,-0.30697,-0.10192,0.08738],[0.94306,-0.28615,-0.1408,0.09453],[0.94244,-0.27121,-0.16186,0.10979]]},