{"actors":["floor_lamp_with_red_pleated_shade_000","framed_sailboat_picture_on_wall_000","orange_sofa_000","purple_side_table_000","purple_table_lamp_on_side_table_000","teal_telephone_on_side_table_000"],"n_frames":61,"fps":30,"camera":{"position":[-0.1591145,2.39502042806965,-3.603880723056143],"target":[-0.1591145,0.5242595,1.7411504999999998],"fov":60.0},"tracks":{"floor_lamp_with_red_pleated_shade_000":{"pos":[[0.0,0.00154,0.0],[-0.00907,-0.00417,0.00193],[-0.00906,-0.00448,0.00194],[-0.00906,-0.00416,0.00193],[-0.00906,-0.00372,0.00194],[-0.00906,-0.00316,0.00194],[-0.00906,-0.00248,0.00193],[-0.00908,-0.00185,0.00192],[-0.00911,-0.00177,0.00191],[-0.0091,-0.00227,0.00192],[-0.00902,-0.00233,0.00195],[-0.00895,-0.00179,0.00197],[-0.0091,-0.00183,0.00192],[-0.00902,-0.0018,0.00195],[-0.00908,-0.00196,0.00192],[-0.00905,-0.00209,0.00194],[-0.00902,-0.0023,0.00195],[-0.00907,-0.00267,0.00193],[-0.00906,-0.00303,0.00193],[-0.00906,-0.00349,0.00193],[-0.00905,-0.00387,0.00193],[-0.00906,-0.00414,0.00193],[-0.00906,-0.00428,0.00193],[-0.00906,-0.00431,0.00194],[-0.00906,-0.00423,0.00194],[-0.00906,-0.00404,0.00194],[-0.00906,-0.00373,0.00194],[-0.00906,-0.0033,0.00194],[-0.00906,-0.00276,0.00194],[-0.00906,-0.0021,0.00193],[-0.0091,-0.0018,0.00192],[-0.00912,-0.00208,0.00191],[-0.00915,-0.0029,0.0019],[-0.00903,-0.00311,0.00195],[-0.00901,-0.00281,0.00195],[-0.00901,-0.002,0.00195],[-0.00904,-0.00097,0.00194],[-0.00907,-0.00018,0.00193],[-0.00909,0.00011,0.00192],[-0.00911,-0.00042,0.00191],[-0.00908,-0.00162,0.00192],[-0.00907,-0.00301,0.00193],[-0.00905,-0.00418,0.00193],[-0.00904,-0.00499,0.00194],[-0.00902,-0.00545,0.00195],[-0.00904,-0.00563,0.00195],[-0.00906,-0.00578,0.00194],[-0.00907,-0.00596,0.00193],[-0.00907,-0.00616,0.00193],[-0.00907,-0.00638,0.00193],[-0.00907,-0.00663,0.00193],[-0.00921,-0.00692,0.00193],[-0.00942,-0.00731,0.00194],[-0.00957,-0.00775,0.00192],[-0.01001,-0.00825,0.00182],[-0.01033,-0.00887,0.00177],[-0.01056,-0.00951,0.00173],[-0.01077,-0.01008,0.0017],[-0.01091,-0.01047,0.00169],[-0.01113,-0.01055,0.0017],[-0.01122,-0.01035,0.00173]],"quat":[[1.0,0.0,0.0,0.0],[1.0,-0.00027,0.00012,-0.00102],[1.0,-0.00024,0.00012,-0.00099],[1.0,-0.0002,0.00012,-0.00094],[1.0,-0.00014,0.00012,-0.00086],[1.0,-7e-05,0.00012,-0.00077],[1.0,3e-05,0.00012,-0.00065],[1.0,0.0001,0.00013,-0.00052],[1.0,7e-05,0.00013,-0.00039],[1.0,-6e-05,0.00013,-0.00025],[1.0,-0.00011,0.00012,-0.00017],[1.0,-1e-05,0.0001,-0.00015],[1.0,-3e-05,0.00013,-0.00012],[1.0,-2e-05,0.00012,-0.00012],[1.0,-4e-05,0.00013,-0.00014],[1.0,-5e-05,0.00012,-0.00019],[1.0,-7e-05,0.00012,-0.00026],[1.0,-0.00011,0.00013,-0.00035],[1.0,-0.00013,0.00012,-0.00047],[1.0,-0.00019,0.00012,-0.00059],[1.0,-0.00023,0.00012,-0.00069],[1.0,-0.00025,0.00012,-0.00077],[1.0,-0.00026,0.00012,-0.00083],[1.0,-0.00025,0.00012,-0.00086],[1.0,-0.00023,0.00012,-0.00088],[1.0,-0.0002,0.00012,-0.00088],[1.0,-0.00015,0.00012,-0.00085],[1.0,-8e-05,0.00012,-0.00081],[1.0,0.0,0.00012,-0.00075],[1.0,0.0001,0.00012,-0.00066],[1.0,0.00013,0.00013,-0.00057],[1.0,4e-05,0.00013,-0.00048],[1.0,-0.00014,0.00014,-0.00038],[1.0,-0.0002,0.00012,-0.00033],[1.0,-0.00016,0.00011,-0.0003],[1.0,-1e-05,0.00011,-0.00027],[1.0,0.00017,0.00012,-0.00023],[1.0,0.00031,0.00013,-0.00021],[1.0,0.00036,0.00013,-0.00021],[1.0,0.00028,0.00013,-0.00028],[1.0,0.0001,0.00013,-0.0004],[1.0,-0.00012,0.00013,-0.00053],[1.0,-0.0003,0.00012,-0.00066],[1.0,-0.0004,0.00012,-0.00082],[1.0,-0.00042,0.00012,-0.00101],[1.0,-0.00038,0.00012,-0.00123],[1.0,-0.00032,0.00012,-0.00151],[1.0,-0.00025,0.00012,-0.00183],[1.0,-0.00016,0.00012,-0.0022],[1.0,-7e-05,0.00012,-0.00262],[1.0,4e-05,0.00012,-0.00308],[0.99999,0.00016,0.00013,-0.00361],[0.99999,0.00028,0.00014,-0.0042],[0.99999,0.00041,0.00015,-0.00486],[0.99998,0.00056,0.0002,-0.00559],[0.99998,0.0007,0.00023,-0.00639],[0.99997,0.00085,0.00024,-0.00721],[0.99997,0.00101,0.00026,-0.00803],[0.99996,0.00119,0.00027,-0.0088],[0.99995,0.00141,0.00028,-0.00949],[0.99995,0.00166,0.00028,-0.01013]]},"framed_sailboat_picture_on_wall_000":{"pos":[[0.0,0.00154,0.0],[0.0,0.00154,0.0],[0.0,0.00154,0.0],[0.0,0.00154,0.0],[0.0,0.00154,0.0],[0.0,0.00154,0.0],[0.0,0.00154,0.0],[0.0,0.00154,0.0],[0.0,0.00154,0.0],[0.0,0.00154,0.0],[0.0,0.00154,0.0],[0.0,0.00154,0.0],[0.0,0.00154,0.0],[0.0,0.00154,0.0],[0.0,0.00154,0.0],[0.0,0.00154,0.0],[0.0,0.00154,0.0],[0.0,0.00154,0.0],[0.0,0.00154,0.0],[0.0,0.00154,0.0],[0.0,0.00154,0.0],[0.0,0.00154,0.0],[0.0,0.00154,0.0],[0.0,0.00154,0.0],[0.0,0.00154,0.0],[0.0,0.00154,0.0],[0.0,0.00154,0.0],[0.0,0.00154,0.0],[0.0,0.00154,0.0],[0.0,0.00154,0.0],[0.0,0.00154,0.0],[0.0,0.00154,0.0],[0.0,0.00154,0.0],[0.0,0.00154,0.0],[0.0,0.00154,0.0],[0.0,0.00154,0.0],[0.0,0.00154,0.0],[0.0,0.00154,0.0],[0.0,0.00154,0.0],[0.0,0.00154,0.0],[0.0,0.00154,0.0],[0.0,0.00154,0.0],[0.0,0.00154,0.0],[0.0,0.00154,0.0],[0.0,0.00154,0.0],[0.0,0.00154,0.0],[0.0,0.00154,0.0],[0.0,0.00154,0.0],[0.0,0.00154,0.0],[0.0,0.00154,0.0],[0.0,0.00154,0.0],[0.0,0.00154,0.0],[0.0,0.00154,0.0],[0.0,0.00154,0.0],[0.0,0.00154,0.0],[0.0,0.00154,0.0],[0.0,0.00154,0.0],[0.0,0.00154,0.0],[0.0,0.00154,0.0],[0.0,0.00154,0.0],[0.0,0.00154,0.0]],"quat":[[1.0,0.0,0.0,0.0],[1.0,0.0,-0.0,-0.0],[1.0,0.0,-0.0,-0.0],[1.0,0.0,-0.0,-0.0],[1.0,0.0,-0.0,-0.0],[1.0,0.0,-0.0,-0.0],[1.0,0.0,-0.0,-0.0],[1.0,0.0,-0.0,-0.0],[1.0,0.0,-0.0,-0.0],[1.0,0.0,-0.0,-0.0],[1.0,0.0,-0.0,-0.0],[1.0,0.0,-0.0,-0.0],[1.0,0.0,-0.0,-0.0],[1.0,0.0,-0.0,-0.0],[1.0,0.0,-0.0,-0.0],[1.0,0.0,-0.0,-0.0],[1.0,0.0,-0.0,-0.0],[1.0,0.0,-0.0,-0.0],[1.0,0.0,-0.0,-0.0],[1.0,0.0,-0.0,-0.0],[1.0,0.0,-0.0,-0.0],[1.0,0.0,-0.0,-0.0],[1.0,0.0,-0.0,-0.0],[1.0,0.0,-0.0,-0.0],[1.0,0.0,-0.0,-0.0],[1.0,0.0,-0.0,-0.0],[1.0,0.0,-0.0,-0.0],[1.0,0.0,-0.0,-0.0],[1.0,0.0,-0.0,-0.0],[1.0,0.0,-0.0,-0.0],[1.0,0.0,-0.0,-0.0],[1.0,0.0,-0.0,-0.0],[1.0,0.0,-0.0,-0.0],[1.0,0.0,-0.0,-0.0],[1.0,0.0,-0.0,-0.0],[1.0,0.0,-0.0,-0.0],[1.0,0.0,-0.0,-0.0],[1.0,0.0,-0.0,-0.0],[1.0,0.0,-0.0,-0.0],[1.0,0.0,-0.0,-0.0],[1.0,0.0,-0.0,-0.0],[1.0,0.0,-0.0,-0.0],[1.0,0.0,-0.0,-0.0],[1.0,0.0,-0.0,-0.0],[1.0,0.0,-0.0,-0.0],[1.0,0.0,-0.0,-0.0],[1.0,0.0,-0.0,-0.0],[1.0,0.0,-0.0,-0.0],[1.0,0.0,-0.0,-0.0],[1.0,0.0,-0.0,-0.0],[1.0,0.0,-0.0,-0.0],[1.0,0.0,-0.0,-0.0],[1.0,0.0,-0.0,-0.0],[1.0,0.0,-0.0,-0.0],[1.0,0.0,-0.0,-0.0],[1.0,0.0,-0.0,-0.0],[1.0,0.0,-0.0,-0.0],[1.0,0.0,-0.0,-0.0],[1.0,0.0,-0.0,-0.0],[1.0,0.0,-0.0,-0.0],[1.0,0.0,-0.0,-0.0]]},